time,flowcount
"12/23/2022, 13:49:30",3
"12/23/2022, 13:49:32",3
"12/23/2022, 13:49:34",5
"12/23/2022, 13:49:36",9
"12/23/2022, 13:49:38",11
"12/23/2022, 13:49:40",11
"12/23/2022, 13:49:42",11
"12/23/2022, 13:49:44",19
"12/23/2022, 13:49:46",23
"12/23/2022, 13:49:48",27
"12/23/2022, 13:49:50",27
"12/23/2022, 13:49:52",27
"12/23/2022, 13:49:54",31
"12/23/2022, 13:49:56",33
"12/23/2022, 13:49:58",37
"12/23/2022, 13:50:00",37
"12/23/2022, 13:50:02",45
"12/23/2022, 13:50:04",49
"12/23/2022, 13:50:06",51
"12/23/2022, 13:50:08",53
"12/23/2022, 13:50:10",57
"12/23/2022, 13:50:12",59
"12/23/2022, 13:50:14",61
"12/23/2022, 13:50:16",63
"12/23/2022, 13:50:18",65
"12/23/2022, 13:50:20",65
"12/23/2022, 13:50:22",67
"12/23/2022, 13:50:24",67
"12/23/2022, 13:50:26",69
"12/23/2022, 13:50:28",71
time,flowcount
"12/23/2022, 13:52:29",3
"12/23/2022, 13:52:31",3
"12/23/2022, 13:52:33",3
"12/23/2022, 13:52:35",3
"12/23/2022, 13:52:37",3
"12/23/2022, 13:52:39",3
"12/23/2022, 13:52:42",3
"12/23/2022, 13:52:44",3
"12/23/2022, 13:52:46",3
"12/23/2022, 13:52:48",3
"12/23/2022, 13:52:50",3
"12/23/2022, 13:52:52",3
"12/23/2022, 13:52:54",3
"12/23/2022, 13:52:56",3
"12/23/2022, 13:52:58",3
"12/23/2022, 13:53:00",3
time,flowcount
"12/23/2022, 13:53:23",3
"12/23/2022, 13:53:25",3
"12/23/2022, 13:53:27",3
"12/23/2022, 13:53:29",3
"12/23/2022, 13:53:31",3
"12/23/2022, 13:53:33",3
"12/23/2022, 13:53:35",3
"12/23/2022, 13:53:37",3
"12/23/2022, 13:53:39",3
"12/23/2022, 13:53:41",3
"12/23/2022, 13:53:43",3
"12/23/2022, 13:53:45",3
"12/23/2022, 13:53:47",3
"12/23/2022, 13:53:49",3
"12/23/2022, 13:53:51",3
"12/23/2022, 13:53:53",3
"12/23/2022, 13:53:55",3
"12/23/2022, 13:53:57",3
"12/23/2022, 13:53:59",3
"12/23/2022, 13:54:01",3
"12/23/2022, 13:54:03",3
"12/23/2022, 13:54:05",3
"12/23/2022, 13:54:07",3
"12/23/2022, 13:54:09",3
"12/23/2022, 13:54:11",3
"12/23/2022, 13:54:13",3
"12/23/2022, 13:54:15",3
"12/23/2022, 13:54:17",3
"12/23/2022, 13:54:19",3
"12/23/2022, 13:54:21",3
"12/23/2022, 13:54:23",3
"12/23/2022, 13:54:25",3
"12/23/2022, 13:54:27",3
"12/23/2022, 13:54:29",3
"12/23/2022, 13:54:31",3
"12/23/2022, 13:54:33",3
"12/23/2022, 13:54:35",3
"12/23/2022, 13:54:37",3
"12/23/2022, 13:54:39",3
"12/23/2022, 13:54:41",3
"12/23/2022, 13:54:43",3
time,flowcount
"12/23/2022, 13:57:42",1
"12/23/2022, 13:57:44",3
"12/23/2022, 13:57:46",3
"12/23/2022, 13:57:48",3
"12/23/2022, 13:57:50",3
"12/23/2022, 13:57:52",3
"12/23/2022, 13:57:54",3
time,flowcount
"12/23/2022, 14:02:14",3
"12/23/2022, 14:02:16",3
"12/23/2022, 14:02:18",7
"12/23/2022, 14:02:20",9
"12/23/2022, 14:02:22",11
"12/23/2022, 14:02:24",11
"12/23/2022, 14:02:26",15
"12/23/2022, 14:02:28",17
"12/23/2022, 14:02:30",19
"12/23/2022, 14:02:32",25
"12/23/2022, 14:02:34",29
"12/23/2022, 14:02:36",33
"12/23/2022, 14:02:38",39
"12/23/2022, 14:02:40",41
"12/23/2022, 14:02:42",43
"12/23/2022, 14:02:44",43
"12/23/2022, 14:02:46",45
"12/23/2022, 14:02:48",47
"12/23/2022, 14:02:50",49
"12/23/2022, 14:02:52",57
"12/23/2022, 14:02:54",57
"12/23/2022, 14:02:56",57
"12/23/2022, 14:02:58",59
"12/23/2022, 14:03:00",61
"12/23/2022, 14:03:02",63
"12/23/2022, 14:03:04",67
"12/23/2022, 14:03:06",69
"12/23/2022, 14:03:08",71
"12/23/2022, 14:03:10",71
"12/23/2022, 14:03:12",75
time,flowcount
"12/23/2022, 14:05:08",3
"12/23/2022, 14:05:10",3
"12/23/2022, 14:05:12",3
"12/23/2022, 14:05:14",3
"12/23/2022, 14:05:16",3
"12/23/2022, 14:05:18",3
"12/23/2022, 14:05:20",3
"12/23/2022, 14:05:22",3
"12/23/2022, 14:05:24",3
"12/23/2022, 14:05:26",3
"12/23/2022, 14:05:28",3
"12/23/2022, 14:05:30",3
"12/23/2022, 14:05:32",3
"12/23/2022, 14:05:34",3
"12/23/2022, 14:05:36",3
"12/23/2022, 14:05:38",3
"12/23/2022, 14:05:40",3
"12/23/2022, 14:05:42",3
"12/23/2022, 14:05:44",3
"12/23/2022, 14:05:46",3
"12/23/2022, 14:05:48",3
"12/23/2022, 14:05:50",3
"12/23/2022, 14:05:52",3
"12/23/2022, 14:05:54",3
"12/23/2022, 14:05:56",3
"12/23/2022, 14:05:58",3
"12/23/2022, 14:06:00",3
"12/23/2022, 14:06:02",3
"12/23/2022, 14:06:04",3
"12/23/2022, 14:06:06",3
time,flowcount
"12/23/2022, 14:08:24",3
"12/23/2022, 14:08:26",3
"12/23/2022, 14:08:28",3
"12/23/2022, 14:08:30",3
"12/23/2022, 14:08:32",3
"12/23/2022, 14:08:34",3
"12/23/2022, 14:08:36",3
"12/23/2022, 14:08:38",3
"12/23/2022, 14:08:40",3
"12/23/2022, 14:08:42",3
"12/23/2022, 14:08:44",3
"12/23/2022, 14:08:46",3
"12/23/2022, 14:08:48",3
"12/23/2022, 14:08:50",3
"12/23/2022, 14:08:52",3
"12/23/2022, 14:08:54",3
"12/23/2022, 14:08:56",3
"12/23/2022, 14:08:58",3
"12/23/2022, 14:09:00",3
"12/23/2022, 14:09:02",3
"12/23/2022, 14:09:04",3
"12/23/2022, 14:09:06",3
"12/23/2022, 14:09:08",3
"12/23/2022, 14:09:10",3
"12/23/2022, 14:09:12",3
"12/23/2022, 14:09:14",3
"12/23/2022, 14:09:16",3
"12/23/2022, 14:09:18",3
"12/23/2022, 14:09:20",3
"12/23/2022, 14:09:22",3
"12/23/2022, 14:09:24",3
"12/23/2022, 14:09:26",3
"12/23/2022, 14:09:28",3
"12/23/2022, 14:09:30",3
time,flowcount
"12/23/2022, 14:15:27",3
"12/23/2022, 14:15:29",3
"12/23/2022, 14:15:31",3
"12/23/2022, 14:15:33",3
"12/23/2022, 14:15:35",3
"12/23/2022, 14:15:37",3
"12/23/2022, 14:15:39",3
time,flowcount
"12/23/2022, 14:19:59",54
"12/23/2022, 14:20:01",243
"12/23/2022, 14:20:03",432
"12/23/2022, 14:20:05",622
"12/23/2022, 14:20:07",809
"12/23/2022, 14:20:09",995
"12/23/2022, 14:20:11",1056
"12/23/2022, 14:20:13",1183
time,flowcount
"12/24/2022, 10:30:42",5
"12/24/2022, 10:30:44",7
"12/24/2022, 10:30:46",9
"12/24/2022, 10:30:48",11
"12/24/2022, 10:30:50",13
"12/24/2022, 10:30:52",15
"12/24/2022, 10:30:54",19
"12/24/2022, 10:30:56",25
"12/24/2022, 10:30:58",25
"12/24/2022, 10:31:00",31
"12/24/2022, 10:31:02",33
"12/24/2022, 10:31:04",37
"12/24/2022, 10:31:06",39
"12/24/2022, 10:31:08",39
"12/24/2022, 10:31:10",39
time,flowcount
"12/24/2022, 10:32:08",154
"12/24/2022, 10:32:10",346
"12/24/2022, 10:32:12",534
"12/24/2022, 10:32:14",726
"12/24/2022, 10:32:16",915
"12/24/2022, 10:32:18",1003
"12/24/2022, 10:32:20",1126
"12/24/2022, 10:32:22",1252
time,flowcount
"12/24/2022, 10:33:41",3
"12/24/2022, 10:33:43",7
"12/24/2022, 10:33:45",11
"12/24/2022, 10:33:47",13
"12/24/2022, 10:33:49",15
"12/24/2022, 10:33:51",19
"12/24/2022, 10:33:53",23
"12/24/2022, 10:33:55",25
"12/24/2022, 10:33:57",25
"12/24/2022, 10:33:59",37
"12/24/2022, 10:34:01",39
"12/24/2022, 10:34:03",43
"12/24/2022, 10:34:05",47
"12/24/2022, 10:34:07",55
"12/24/2022, 10:34:09",55
"12/24/2022, 10:34:11",57
"12/24/2022, 10:34:13",57
"12/24/2022, 10:34:15",63
"12/24/2022, 10:34:17",69
"12/24/2022, 10:34:19",69
"12/24/2022, 10:34:21",69
"12/24/2022, 10:34:23",69
"12/24/2022, 10:34:25",69
time,flowcount
"12/24/2022, 10:34:39",4
"12/24/2022, 10:34:41",4
"12/24/2022, 10:34:43",4
"12/24/2022, 10:34:45",4
"12/24/2022, 10:34:47",4
"12/24/2022, 10:34:49",4
"12/24/2022, 10:34:51",4
"12/24/2022, 10:34:53",4
"12/24/2022, 10:34:55",4
"12/24/2022, 10:34:57",4
"12/24/2022, 10:34:59",4
"12/24/2022, 10:35:01",4
"12/24/2022, 10:35:03",4
"12/24/2022, 10:35:05",4
"12/24/2022, 10:35:07",4
"12/24/2022, 10:35:09",4
"12/24/2022, 10:35:11",4
"12/24/2022, 10:35:13",4
"12/24/2022, 10:35:15",4
"12/24/2022, 10:35:17",4
"12/24/2022, 10:35:19",4
"12/24/2022, 10:35:21",4
"12/24/2022, 10:35:23",4
"12/24/2022, 10:35:25",4
"12/24/2022, 10:35:27",4
"12/24/2022, 10:35:29",4
"12/24/2022, 10:35:31",4
"12/24/2022, 10:35:33",4
"12/24/2022, 10:35:35",4
"12/24/2022, 10:35:37",4
time,flowcount
"12/24/2022, 10:36:47",48
"12/24/2022, 10:36:49",50
"12/24/2022, 10:36:51",50
"12/24/2022, 10:36:53",50
"12/24/2022, 10:36:55",50
"12/24/2022, 10:36:57",50
"12/24/2022, 10:36:59",50
"12/24/2022, 10:37:01",50
"12/24/2022, 10:37:03",50
"12/24/2022, 10:37:05",50
"12/24/2022, 10:37:07",50
"12/24/2022, 10:37:09",50
"12/24/2022, 10:37:11",50
"12/24/2022, 10:37:13",50
"12/24/2022, 10:37:15",50
time,flowcount
"12/24/2022, 10:37:52",3
"12/24/2022, 10:37:54",3
"12/24/2022, 10:37:56",7
"12/24/2022, 10:37:58",7
"12/24/2022, 10:38:00",13
"12/24/2022, 10:38:02",13
"12/24/2022, 10:38:05",13
"12/24/2022, 10:38:07",21
"12/24/2022, 10:38:09",29
"12/24/2022, 10:38:11",35
"12/24/2022, 10:38:13",35
"12/24/2022, 10:38:15",35
"12/24/2022, 10:38:17",35
"12/24/2022, 10:38:19",35
"12/24/2022, 10:38:21",35
"12/24/2022, 10:38:23",35
time,flowcount
"12/24/2022, 10:38:31",4
"12/24/2022, 10:38:33",4
"12/24/2022, 10:38:35",4
"12/24/2022, 10:38:37",4
time,flowcount
"12/24/2022, 10:40:20",1
"12/24/2022, 10:40:22",3
"12/24/2022, 10:40:24",5
"12/24/2022, 10:40:26",7
"12/24/2022, 10:40:28",15
"12/24/2022, 10:40:30",19
time,flowcount
"12/24/2022, 10:47:11",7
"12/24/2022, 10:47:13",7
"12/24/2022, 10:47:15",7
"12/24/2022, 10:47:17",7
"12/24/2022, 10:47:19",7
"12/24/2022, 10:47:21",11
"12/24/2022, 10:47:23",19
"12/24/2022, 10:47:25",21
"12/24/2022, 10:47:27",23
"12/24/2022, 10:47:29",27
"12/24/2022, 10:47:31",31
"12/24/2022, 10:47:33",31
"12/24/2022, 10:47:35",31
"12/24/2022, 10:47:37",37
time,flowcount
"12/24/2022, 10:47:49",166
"12/24/2022, 10:47:51",167
"12/24/2022, 10:47:53",167
"12/24/2022, 10:47:55",167
"12/24/2022, 10:47:57",167
"12/24/2022, 10:47:59",167
"12/24/2022, 10:48:01",167
"12/24/2022, 10:48:03",167
"12/24/2022, 10:48:05",167
"12/24/2022, 10:48:07",167
"12/24/2022, 10:48:09",167
"12/24/2022, 10:48:11",167
"12/24/2022, 10:48:13",167
"12/24/2022, 10:48:15",167
"12/24/2022, 10:48:17",167
"12/24/2022, 10:48:19",167
"12/24/2022, 10:48:21",167
"12/24/2022, 10:48:23",167
"12/24/2022, 10:48:25",167
"12/24/2022, 10:48:27",167
"12/24/2022, 10:48:29",167
"12/24/2022, 10:48:31",167
"12/24/2022, 10:48:33",167
"12/24/2022, 10:48:35",167
"12/24/2022, 10:48:37",167
"12/24/2022, 10:48:39",167
"12/24/2022, 10:48:41",167
"12/24/2022, 10:48:43",167
"12/24/2022, 10:48:45",167
"12/24/2022, 10:48:47",167
time,flowcount
"12/24/2022, 10:49:50",4
"12/24/2022, 10:49:52",4
"12/24/2022, 10:49:54",4
"12/24/2022, 10:49:56",4
"12/24/2022, 10:49:58",4
"12/24/2022, 10:50:00",4
"12/24/2022, 10:50:02",4
"12/24/2022, 10:50:04",4
"12/24/2022, 10:50:06",4
"12/24/2022, 10:50:08",4
time,flowcount
"12/25/2022, 00:35:09",1
"12/25/2022, 00:35:11",1
"12/25/2022, 00:35:13",1
"12/25/2022, 00:35:15",1
"12/25/2022, 00:35:17",1
"12/25/2022, 00:35:19",1
"12/25/2022, 00:35:21",1
"12/25/2022, 00:35:23",9
"12/25/2022, 00:35:25",13
"12/25/2022, 00:35:27",17
"12/25/2022, 00:35:29",19
time,flowcount
"12/25/2022, 00:35:58",1
"12/25/2022, 00:36:00",181
"12/25/2022, 00:36:02",371
"12/25/2022, 00:36:04",560
"12/25/2022, 00:36:06",748
"12/25/2022, 00:36:08",933
"12/25/2022, 00:36:10",1014
"12/25/2022, 00:36:12",1140
"12/25/2022, 00:36:14",1267
"12/25/2022, 00:36:16",1393
time,flowcount
time,flowcount
"12/25/2022, 00:38:43",1
"12/25/2022, 00:38:45",5
"12/25/2022, 00:38:47",5
"12/25/2022, 00:38:49",7
"12/25/2022, 00:38:51",9
"12/25/2022, 00:38:53",11
"12/25/2022, 00:38:55",15
"12/25/2022, 00:38:57",21
"12/25/2022, 00:38:59",23
"12/25/2022, 00:39:01",29
"12/25/2022, 00:39:03",31
"12/25/2022, 00:39:05",33
"12/25/2022, 00:39:07",37
"12/25/2022, 00:39:09",39
"12/25/2022, 00:39:11",41
"12/25/2022, 00:39:13",41
"12/25/2022, 00:39:15",47
"12/25/2022, 00:39:17",51
"12/25/2022, 00:39:19",55
"12/25/2022, 00:39:21",59
"12/25/2022, 00:39:23",63
"12/25/2022, 00:39:25",65
"12/25/2022, 00:39:27",65
"12/25/2022, 00:39:29",69
"12/25/2022, 00:39:31",69
"12/25/2022, 00:39:33",73
"12/25/2022, 00:39:35",73
time,flowcount
"12/25/2022, 00:39:45",17
"12/25/2022, 00:39:47",18
"12/25/2022, 00:39:49",18
"12/25/2022, 00:39:51",18
"12/25/2022, 00:39:53",18
"12/25/2022, 00:39:55",18
"12/25/2022, 00:39:57",18
"12/25/2022, 00:39:59",18
"12/25/2022, 00:40:01",18
"12/25/2022, 00:40:03",18
"12/25/2022, 00:40:05",18
"12/25/2022, 00:40:07",18
"12/25/2022, 00:40:09",18
"12/25/2022, 00:40:11",18
"12/25/2022, 00:40:13",18
time,flowcount
time,flowcount
"12/25/2022, 00:40:55",82
"12/25/2022, 00:40:57",84
"12/25/2022, 00:40:59",84
"12/25/2022, 00:41:01",84
"12/25/2022, 00:41:03",84
"12/25/2022, 00:41:05",84
"12/25/2022, 00:41:07",84
"12/25/2022, 00:41:09",84
"12/25/2022, 00:41:11",84
"12/25/2022, 00:41:13",84
time,flowcount
time,flowcount
"12/25/2022, 00:42:25",1
"12/25/2022, 00:42:27",5
"12/25/2022, 00:42:29",5
"12/25/2022, 00:42:31",7
"12/25/2022, 00:42:33",7
"12/25/2022, 00:42:35",9
"12/25/2022, 00:42:37",9
"12/25/2022, 00:42:39",11
"12/25/2022, 00:42:41",17
"12/25/2022, 00:42:43",21
"12/25/2022, 00:42:45",23
"12/25/2022, 00:42:47",27
"12/25/2022, 00:42:49",33
time,flowcount
"12/25/2022, 00:42:57",3
"12/25/2022, 00:42:59",192
"12/25/2022, 00:43:01",193
"12/25/2022, 00:43:03",193
"12/25/2022, 00:43:05",193
"12/25/2022, 00:43:07",193
"12/25/2022, 00:43:09",193
"12/25/2022, 00:43:11",193
"12/25/2022, 00:43:13",193
"12/25/2022, 00:43:15",193
"12/25/2022, 00:43:17",193
"12/25/2022, 00:43:19",193
"12/25/2022, 00:43:21",193
"12/25/2022, 00:43:23",193
"12/25/2022, 00:43:25",193
"12/25/2022, 00:43:27",193
"12/25/2022, 00:43:29",193
"12/25/2022, 00:43:31",193
time,flowcount
time,flowcount
"12/25/2022, 00:44:01",9
"12/25/2022, 00:44:03",9
"12/25/2022, 00:44:05",13
"12/25/2022, 00:44:07",13
"12/25/2022, 00:44:09",15
"12/25/2022, 00:44:11",21
"12/25/2022, 00:44:13",25
"12/25/2022, 00:44:15",27
"12/25/2022, 00:44:17",29
"12/25/2022, 00:44:19",33
"12/25/2022, 00:44:21",39
"12/25/2022, 00:44:23",41
"12/25/2022, 00:44:25",41
time,flowcount
"12/25/2022, 00:44:33",28
"12/25/2022, 00:44:35",29
"12/25/2022, 00:44:37",29
"12/25/2022, 00:44:39",29
"12/25/2022, 00:44:41",29
"12/25/2022, 00:44:43",29
"12/25/2022, 00:44:45",29
"12/25/2022, 00:44:47",29
"12/25/2022, 00:44:49",29
"12/25/2022, 00:44:51",29
"12/25/2022, 00:44:53",29
"12/25/2022, 00:44:55",29
"12/25/2022, 00:44:57",29
"12/25/2022, 00:44:59",29
"12/25/2022, 00:45:01",29
"12/25/2022, 00:45:03",29
"12/25/2022, 00:45:05",29
"12/25/2022, 00:45:07",29
time,flowcount
"12/25/2022, 01:11:45",3
"12/25/2022, 01:11:47",5
"12/25/2022, 01:11:49",9
"12/25/2022, 01:11:51",11
"12/25/2022, 01:11:53",15
"12/25/2022, 01:11:55",17
"12/25/2022, 01:11:57",23
"12/25/2022, 01:11:59",25
"12/25/2022, 01:12:01",31
"12/25/2022, 01:12:03",33
"12/25/2022, 01:12:05",35
"12/25/2022, 01:12:07",37
"12/25/2022, 01:12:09",39
"12/25/2022, 01:12:11",41
"12/25/2022, 01:12:13",43
"12/25/2022, 01:12:15",47
"12/25/2022, 01:12:17",47
"12/25/2022, 01:12:19",51
"12/25/2022, 01:12:21",51
"12/25/2022, 01:12:23",55
"12/25/2022, 01:12:25",55
"12/25/2022, 01:12:27",59
"12/25/2022, 01:12:29",59
"12/25/2022, 01:12:31",61
"12/25/2022, 01:12:33",65
"12/25/2022, 01:12:35",65
"12/25/2022, 01:12:37",67
"12/25/2022, 01:12:39",67
"12/25/2022, 01:12:41",67
"12/25/2022, 01:12:43",67
time,flowcount
"12/25/2022, 01:13:45",58
"12/25/2022, 01:13:47",248
"12/25/2022, 01:13:49",439
"12/25/2022, 01:13:51",629
"12/25/2022, 01:13:53",817
"12/25/2022, 01:13:55",1001
"12/25/2022, 01:13:57",1061
"12/25/2022, 01:13:59",1187
"12/25/2022, 01:14:01",1313
"12/25/2022, 01:14:03",1440
"12/25/2022, 01:14:05",1565
"12/25/2022, 01:14:07",1691
"12/25/2022, 01:14:09",1818
"12/25/2022, 01:14:11",1943
"12/25/2022, 01:14:13",2003
"12/25/2022, 01:14:15",2099
"12/25/2022, 01:14:17",2195
"12/25/2022, 01:14:19",2291
"12/25/2022, 01:14:21",2387
"12/25/2022, 01:14:23",2483
"12/25/2022, 01:14:25",2579
"12/25/2022, 01:14:28",2675
"12/25/2022, 01:14:29",2771
"12/25/2022, 01:14:32",2867
"12/25/2022, 01:14:33",2963
"12/25/2022, 01:14:35",3007
"12/25/2022, 01:14:38",3084
"12/25/2022, 01:14:40",3162
"12/25/2022, 01:14:42",3240
"12/25/2022, 01:14:43",3317
time,flowcount
"12/25/2022, 01:15:49",3
"12/25/2022, 01:15:51",9
"12/25/2022, 01:15:53",13
"12/25/2022, 01:15:55",17
"12/25/2022, 01:15:57",19
"12/25/2022, 01:15:59",21
"12/25/2022, 01:16:01",27
"12/25/2022, 01:16:03",31
"12/25/2022, 01:16:05",33
"12/25/2022, 01:16:07",35
"12/25/2022, 01:16:09",39
"12/25/2022, 01:16:11",41
"12/25/2022, 01:16:13",43
"12/25/2022, 01:16:15",45
"12/25/2022, 01:16:17",49
"12/25/2022, 01:16:19",51
"12/25/2022, 01:16:21",51
"12/25/2022, 01:16:23",51
"12/25/2022, 01:16:25",53
"12/25/2022, 01:16:27",59
"12/25/2022, 01:16:29",61
"12/25/2022, 01:16:31",67
"12/25/2022, 01:16:33",69
"12/25/2022, 01:16:35",71
"12/25/2022, 01:16:37",71
"12/25/2022, 01:16:39",71
"12/25/2022, 01:16:41",73
time,flowcount
"12/25/2022, 01:16:50",79
time,flowcount
"12/25/2022, 01:17:00",1
"12/25/2022, 01:17:02",1
"12/25/2022, 01:17:04",9
"12/25/2022, 01:17:06",11
"12/25/2022, 01:17:08",17
time,flowcount
"12/25/2022, 01:18:06",7
"12/25/2022, 01:18:08",7
"12/25/2022, 01:18:10",9
"12/25/2022, 01:18:12",9
"12/25/2022, 01:18:14",11
"12/25/2022, 01:18:16",13
"12/25/2022, 01:18:18",17
"12/25/2022, 01:18:20",23
"12/25/2022, 01:18:22",25
"12/25/2022, 01:18:24",29
"12/25/2022, 01:18:26",31
"12/25/2022, 01:18:28",35
"12/25/2022, 01:18:30",37
"12/25/2022, 01:18:32",43
"12/25/2022, 01:18:34",45
"12/25/2022, 01:18:36",45
"12/25/2022, 01:18:38",47
"12/25/2022, 01:18:40",51
"12/25/2022, 01:18:42",53
"12/25/2022, 01:18:44",55
"12/25/2022, 01:18:46",61
"12/25/2022, 01:18:48",63
"12/25/2022, 01:18:50",67
"12/25/2022, 01:18:52",67
"12/25/2022, 01:18:54",67
"12/25/2022, 01:18:56",67
"12/25/2022, 01:18:58",77
"12/25/2022, 01:19:00",79
"12/25/2022, 01:19:02",81
"12/25/2022, 01:19:04",87
time,flowcount
"12/25/2022, 01:19:30",163
"12/25/2022, 01:19:32",164
"12/25/2022, 01:19:34",164
"12/25/2022, 01:19:36",164
"12/25/2022, 01:19:38",164
"12/25/2022, 01:19:40",164
"12/25/2022, 01:19:42",164
"12/25/2022, 01:19:44",164
"12/25/2022, 01:19:46",164
"12/25/2022, 01:19:48",164
"12/25/2022, 01:19:50",164
"12/25/2022, 01:19:52",164
"12/25/2022, 01:19:54",164
"12/25/2022, 01:19:56",164
"12/25/2022, 01:19:58",164
"12/25/2022, 01:20:00",164
"12/25/2022, 01:20:02",164
"12/25/2022, 01:20:04",164
"12/25/2022, 01:20:06",164
"12/25/2022, 01:20:08",164
"12/25/2022, 01:20:10",164
"12/25/2022, 01:20:12",164
"12/25/2022, 01:20:14",164
"12/25/2022, 01:20:16",164
"12/25/2022, 01:20:18",164
"12/25/2022, 01:20:20",164
"12/25/2022, 01:20:22",164
"12/25/2022, 01:20:24",164
"12/25/2022, 01:20:26",164
"12/25/2022, 01:20:28",164
time,flowcount
"12/26/2022, 06:07:56",3
"12/26/2022, 06:07:58",5
"12/26/2022, 06:08:00",5
"12/26/2022, 06:08:02",7
"12/26/2022, 06:08:04",7
"12/26/2022, 06:08:06",7
"12/26/2022, 06:08:08",7
"12/26/2022, 06:08:10",13
"12/26/2022, 06:08:12",19
"12/26/2022, 06:08:14",25
"12/26/2022, 06:08:16",31
"12/26/2022, 06:08:18",35
"12/26/2022, 06:08:20",37
"12/26/2022, 06:08:22",43
"12/26/2022, 06:08:24",43
"12/26/2022, 06:08:26",45
"12/26/2022, 06:08:28",49
"12/26/2022, 06:08:30",53
"12/26/2022, 06:08:32",57
"12/26/2022, 06:08:34",61
"12/26/2022, 06:08:36",63
"12/26/2022, 06:08:38",65
"12/26/2022, 06:08:40",65
"12/26/2022, 06:08:42",65
"12/26/2022, 06:08:44",67
"12/26/2022, 06:08:46",67
"12/26/2022, 06:08:48",75
"12/26/2022, 06:08:50",75
"12/26/2022, 06:08:52",77
time,flowcount
"12/26/2022, 06:09:27",100
"12/26/2022, 06:09:29",291
"12/26/2022, 06:09:31",482
"12/26/2022, 06:09:33",672
"12/26/2022, 06:09:35",857
"12/26/2022, 06:09:37",1003
"12/26/2022, 06:09:39",1089
"12/26/2022, 06:09:41",1216
"12/26/2022, 06:09:43",1343
"12/26/2022, 06:09:45",1470
"12/26/2022, 06:09:47",1596
"12/26/2022, 06:09:49",1723
time,flowcount
"12/26/2022, 06:10:22",129
"12/26/2022, 06:10:24",130
"12/26/2022, 06:10:26",130
"12/26/2022, 06:10:28",130
"12/26/2022, 06:10:30",130
"12/26/2022, 06:10:32",130
time,flowcount
"12/26/2022, 06:11:52",1
"12/26/2022, 06:11:54",1
"12/26/2022, 06:11:56",3
"12/26/2022, 06:11:58",3
"12/26/2022, 06:12:00",5
"12/26/2022, 06:12:02",7
"12/26/2022, 06:12:04",11
"12/26/2022, 06:12:06",15
"12/26/2022, 06:12:08",19
"12/26/2022, 06:12:10",29
"12/26/2022, 06:12:12",35
"12/26/2022, 06:12:14",35
"12/26/2022, 06:12:16",35
"12/26/2022, 06:12:18",35
"12/26/2022, 06:12:20",37
"12/26/2022, 06:12:22",41
"12/26/2022, 06:12:24",47
"12/26/2022, 06:12:26",49
"12/26/2022, 06:12:28",51
"12/26/2022, 06:12:30",55
"12/26/2022, 06:12:32",57
"12/26/2022, 06:12:34",57
"12/26/2022, 06:12:36",59
"12/26/2022, 06:12:38",59
"12/26/2022, 06:12:40",65
"12/26/2022, 06:12:42",65
"12/26/2022, 06:12:44",65
"12/26/2022, 06:12:46",67
"12/26/2022, 06:12:48",67
"12/26/2022, 06:12:50",67
"12/26/2022, 06:12:52",67
time,flowcount
"12/26/2022, 06:13:30",144
"12/26/2022, 06:13:32",334
"12/26/2022, 06:13:34",525
"12/26/2022, 06:13:36",715
"12/26/2022, 06:13:38",905
"12/26/2022, 06:13:40",1003
"12/26/2022, 06:13:42",1124
"12/26/2022, 06:13:44",1250
"12/26/2022, 06:13:46",1376
"12/26/2022, 06:13:48",1502
"12/26/2022, 06:13:50",1629
"12/26/2022, 06:13:52",1754
"12/26/2022, 06:13:54",1880
"12/26/2022, 06:13:56",2003
"12/26/2022, 06:13:58",2050
"12/26/2022, 06:14:00",2146
"12/26/2022, 06:14:02",2243
"12/26/2022, 06:14:04",2339
"12/26/2022, 06:14:06",2435
"12/26/2022, 06:14:08",2531
"12/26/2022, 06:14:10",2627
"12/26/2022, 06:14:12",2723
"12/26/2022, 06:14:14",2819
"12/26/2022, 06:14:16",2915
"12/26/2022, 06:14:18",3003
"12/26/2022, 06:14:20",3046
"12/26/2022, 06:14:22",3124
"12/26/2022, 06:14:24",3201
"12/26/2022, 06:14:26",3279
"12/26/2022, 06:14:28",3356
time,flowcount
"12/26/2022, 06:15:11",3
"12/26/2022, 06:15:13",7
"12/26/2022, 06:15:15",11
"12/26/2022, 06:15:17",13
"12/26/2022, 06:15:19",17
"12/26/2022, 06:15:21",21
"12/26/2022, 06:15:23",21
"12/26/2022, 06:15:25",23
"12/26/2022, 06:15:27",23
"12/26/2022, 06:15:29",27
"12/26/2022, 06:15:31",31
"12/26/2022, 06:15:33",35
"12/26/2022, 06:15:35",35
"12/26/2022, 06:15:37",39
"12/26/2022, 06:15:39",41
"12/26/2022, 06:15:41",43
"12/26/2022, 06:15:43",43
"12/26/2022, 06:15:45",47
"12/26/2022, 06:15:47",49
"12/26/2022, 06:15:49",51
"12/26/2022, 06:15:51",55
"12/26/2022, 06:15:53",55
"12/26/2022, 06:15:55",57
"12/26/2022, 06:15:57",59
"12/26/2022, 06:15:59",63
"12/26/2022, 06:16:01",67
"12/26/2022, 06:16:03",67
"12/26/2022, 06:16:05",69
"12/26/2022, 06:16:07",71
"12/26/2022, 06:16:09",77
time,flowcount
"12/26/2022, 06:16:41",127
"12/26/2022, 06:16:43",318
"12/26/2022, 06:16:45",510
"12/26/2022, 06:16:47",701
"12/26/2022, 06:16:49",892
"12/26/2022, 06:16:51",1003
"12/26/2022, 06:16:53",1114
"12/26/2022, 06:16:55",1240
"12/26/2022, 06:16:57",1366
"12/26/2022, 06:16:59",1493
"12/26/2022, 06:17:01",1494
"12/26/2022, 06:17:03",1494
"12/26/2022, 06:17:05",1494
"12/26/2022, 06:17:07",1494
"12/26/2022, 06:17:09",1494
"12/26/2022, 06:17:11",1494
"12/26/2022, 06:17:13",1494
"12/26/2022, 06:17:15",1494
"12/26/2022, 06:17:17",1494
"12/26/2022, 06:17:19",1494
"12/26/2022, 06:17:21",1494
"12/26/2022, 06:17:23",1494
"12/26/2022, 06:17:25",1494
"12/26/2022, 06:17:27",1494
"12/26/2022, 06:17:29",1494
"12/26/2022, 06:17:31",1494
"12/26/2022, 06:17:33",1494
"12/26/2022, 06:17:35",1494
"12/26/2022, 06:17:37",1494
"12/26/2022, 06:17:39",1494
time,flowcount
"12/26/2022, 06:18:15",4
"12/26/2022, 06:18:17",4
"12/26/2022, 06:18:19",4
"12/26/2022, 06:18:21",4
"12/26/2022, 06:18:23",4
"12/26/2022, 06:18:25",4
"12/26/2022, 06:18:27",4
"12/26/2022, 06:18:29",4
